RES_ID,RESPONSE,LABEL,RESPONSE_CLN,count_word,count_word_cln,avg_word_length,avg_word_length_cln,is_berpindah,is_tantangan,is_komunikasi,is_ekonomi,is_sosial,is_adaptasi,is_pindah,is_suasana,is_baru,is_sulit,RESPOND_USED
TRA1,intetraksi/beradaptasi terhadap lingkungan yang baru.,1,intetraksi beradaptasi lingkungan,5,3,9.8,10.333333333333334,0,0,0,0,0,1,0,0,0,0,intetraksi beradaptasi lingkungan 0 0 0 0 0 0 0 0 0 0
TRA2,seperti jatuhnya meteor tsunami gempa bumi,0,jatuhnya meteor tsunami gempa bumi,6,5,6.166666666666667,6.0,0,0,0,0,0,0,0,0,0,0,jatuhnya meteor tsunami gempa bumi 0 0 0 0 0 0 0 0
TRA3,hanya tuhan yang tahu tantangan nya itu apaan,0,tuhan tantangan,8,2,4.75,7.0,0,1,0,0,0,0,0,0,0,0,tuhan tantangan 0 0 0 0 0 0 0 0 0 0 0
TRA4,mereka akan sulit beradaptasi,1,sulit beradaptasi,4,2,6.5,8.0,0,0,0,0,0,1,0,0,0,1,sulit beradaptasi 0 0 0 0 0 0 0 0 0 0 0
TRA5,"Tempat tinggal, ekonomi, dan pekerjaan",1,tinggal ekonomi pekerjaan,5,3,6.8,7.666666666666667,0,0,0,1,0,0,0,0,0,0,tinggal ekonomi pekerjaan 0 0 0 0 0 0 0 0 0 0
TRA6,akan terganggu dengan kesehatanya karena merekanperlu beradaptasi dengan lingkungan yang baru.,1,terganggu kesehatanya merekanperlu beradaptasi lingkungan,11,5,7.636363636363637,10.6,0,0,0,0,0,1,0,0,0,0,terganggu kesehatanya merekanperlu beradaptasi lingkungan 0 0 0 0 0 0 0 0
TRA7,Mereka tidak akan di hormati oleh orang layaknya mereka di hormati di dalam tempat tinggal mereka yang lama,0,hormati orang layaknya hormati tinggal,18,5,5.0,6.8,0,0,0,0,0,0,0,0,0,0,hormati orang layaknya hormati tinggal 0 0 0 0 0 0 0 0
TRA8,mereka akan kehilangan lahan pertanian.,1,kehilangan lahan pertanian,5,3,7.0,8.0,0,0,0,0,0,0,0,0,0,0,kehilangan lahan pertanian 0 0 0 0 0 0 0 0 0 0
TRA9,"Pada kasus-kasus seperti salah satunya yang terjadi di Travina, warga mungkin dipaksa untuk menjadi ""pengungsi iklimâ€. Pengungsi iklim adalah orang-orang yang terpaksa meninggalkan komunitas atau negaranya karena bencana lingkungan.",0,salah satunya travina warga dipaksa pengungsi iklim pengungsi iklim orang orang terpaksa meninggalkan komunitas negaranya bencana lingkungan,29,17,7.0344827586206895,7.294117647058823,0,0,0,0,0,0,0,0,0,0,salah satunya travina warga dipaksa pengungsi iklim pengungsi iklim orang orang terpaksa meninggalkan
TRA10,mendapat musibah dan melawannya,0,musibah melawannya,4,2,7.0,8.5,0,0,0,0,0,0,0,0,0,0,musibah melawannya 0 0 0 0 0 0 0 0 0 0 0
TRA11,karena mereka butuh tempat tinggal baru,1,butuh tinggal,6,2,5.666666666666667,6.0,0,0,0,0,0,0,0,0,0,0,butuh tinggal 0 0 0 0 0 0 0 0 0 0 0
TRA12,Akan kehilangan tempat tinggal yang lama atau komunitas karena bencana alam.,0,kehilangan tinggal komunitas bencana alam,11,5,6.0,7.4,0,0,0,0,0,0,0,0,0,0,kehilangan tinggal komunitas bencana alam 0 0 0 0 0 0 0 0
TRA13,mereka akan pindah ke tempat yang dulu,0,pindah,7,1,4.571428571428571,6.0,0,0,0,0,0,0,1,0,0,0,pindah 0 0 0 0 0 0 0 0 0 0 0 0
TRA14,beradaptasi,1,beradaptasi,1,1,11.0,11.0,0,0,0,0,0,1,0,0,0,0,beradaptasi 0 0 0 0 0 0 0 0 0 0 0 0
TRA15,Pengungsi iklim ini orang-orang yang terpaksa meninggalkan komunitas atau negaranya karena bencana lingkungan.,0,pengungsi iklim orang orang terpaksa meninggalkan komunitas negaranya bencana lingkungan,13,10,7.538461538461538,7.9,0,0,0,0,0,0,0,0,0,0,pengungsi iklim orang orang terpaksa meninggalkan komunitas negaranya bencana lingkungan 0 0 0
TRA16,karna mereka tidak mau terkena iklim yang sangat beser,0,karna terkena iklim beser,9,4,5.111111111111111,5.5,0,0,0,0,0,0,0,0,0,0,karna terkena iklim beser 0 0 0 0 0 0 0 0 0
TRA17,keadaan yg tidak memadai serta kurangnya fasilitas di tempat pengungsian kegiatan jadi tidak dapat dilakukan seperti biasanya maknanya mereka tidak bebas melakukan sesuatu,1,memadai kurangnya fasilitas pengungsian kegiatan maknanya bebas,23,7,6.478260869565218,8.142857142857142,0,0,0,0,0,0,0,0,0,0,memadai kurangnya fasilitas pengungsian kegiatan maknanya bebas 0 0 0 0 0 0
TRA18,Pengungsi iklim adalah orang-orang yang terpaksa meninggalkan komunitas atau negaranya karena bencana lingkungan.,0,pengungsi iklim orang orang terpaksa meninggalkan komunitas negaranya bencana lingkungan,13,10,7.769230769230769,7.9,0,0,0,0,0,0,0,0,0,0,pengungsi iklim orang orang terpaksa meninggalkan komunitas negaranya bencana lingkungan 0 0 0
TRA19,fkjgrioejtklejtdfljlkgr,0,fkjgrioejtklejtdfljlkgr,1,1,23.0,23.0,0,0,0,0,0,0,0,0,0,0,fkjgrioejtklejtdfljlkgr 0 0 0 0 0 0 0 0 0 0 0 0
TRA20,merasa aneh,0,aneh,2,1,5.0,4.0,0,0,0,0,0,0,0,0,0,0,aneh 0 0 0 0 0 0 0 0 0 0 0 0
TRA21,satu tantangan yang akan dihadapi pengungsi adalah kehilangan pekerjaan mereka yaitu pekerjaan bertani atau nelayan dan itulah salah satu pencaharian mereka selama menetap di Travina.,1,tantangan dihadapi pengungsi kehilangan pekerjaan pekerjaan bertani nelayan salah pencaharian menetap travina,25,12,6.36,8.166666666666666,0,1,0,0,0,0,0,0,0,0,tantangan dihadapi pengungsi kehilangan pekerjaan pekerjaan bertani nelayan salah pencaharian menetap travina 0
TRA22,akan terjadinya perubahan tempat,0,perubahan,4,1,7.25,9.0,0,0,0,0,0,0,0,0,0,0,perubahan 0 0 0 0 0 0 0 0 0 0 0 0
TRA23,"karena,akan ada bencana alam yang akan datang",0,bencana alam,7,2,5.571428571428571,5.5,0,0,0,0,0,0,0,0,0,0,bencana alam 0 0 0 0 0 0 0 0 0 0 0
TRA24,Mereka perlu adaptasi dan harus rela berpisah dengan tembat lamanya yang kemungkinan lahan tersebut akan hilang,1,adaptasi rela berpisah tembat lahan hilang,16,6,6.0,6.166666666666667,0,0,0,0,0,1,0,0,0,0,adaptasi rela berpisah tembat lahan hilang 0 0 0 0 0 0 0
TRA25,"tidak terjamin dengan semua kebutuhannya, dan sulit untuk beradaptasi dengan tempat baru",1,terjamin kebutuhannya sulit beradaptasi,12,4,6.416666666666667,9.0,0,0,0,0,0,1,0,0,0,1,terjamin kebutuhannya sulit beradaptasi 0 0 0 0 0 0 0 0 0
TRA26,orang-orang yang trpaksa meninggalkan komunitas atau negaranya karna bercanda lingkungan,0,orang orang trpaksa meninggalkan komunitas negaranya karna bercanda lingkungan,10,9,7.9,7.777777777777778,0,0,0,0,0,0,0,0,0,0,orang orang trpaksa meninggalkan komunitas negaranya karna bercanda lingkungan 0 0 0 0
TRA27,Mereka tidak akan mudah menyesuaikan hidup mereka di tempat baru,1,mudah menyesuaikan hidup,10,3,5.5,7.333333333333333,0,0,0,0,0,0,0,0,0,0,mudah menyesuaikan hidup 0 0 0 0 0 0 0 0 0 0
TRA28,mereka akan kehilangan sebagian besar atau bahkan semua lahan pertanian mereka,1,kehilangan lahan pertanian,11,3,6.181818181818182,8.0,0,0,0,0,0,0,0,0,0,0,kehilangan lahan pertanian 0 0 0 0 0 0 0 0 0 0
TRA29,tidak mempunyai tempat yang tetap,1,,5,1,5.8,0.0,0,0,0,0,0,0,0,0,0,0, 0 0 0 0 0 0 0 0 0 0 0 0
TRA30,"masalah yang dapatdidapatkan oleh pengngungsi itu adalah penggunaan bahasa, dan pencarian lapangan kerja, tempat tinggal.",1,dapatdidapatkan pengngungsi penggunaan bahasa pencarian lapangan kerja tinggal,15,8,7.133333333333334,8.875,0,0,0,0,0,0,0,0,0,0,dapatdidapatkan pengngungsi penggunaan bahasa pencarian lapangan kerja tinggal 0 0 0 0 0
TRA31,mereka akan kehilangan lahan pertanian sektor pariwisata dan perikanan dan tempat tinggal mereka.,1,kehilangan lahan pertanian sektor pariwisata perikanan tinggal,13,7,6.538461538461538,8.0,0,0,0,0,0,0,0,0,0,0,kehilangan lahan pertanian sektor pariwisata perikanan tinggal 0 0 0 0 0 0
TRA32,penderitaan panas nya cuaca iklim,0,penderitaan panas cuaca iklim,5,4,5.8,6.5,0,0,0,0,0,0,0,0,0,0,penderitaan panas cuaca iklim 0 0 0 0 0 0 0 0 0
TRA33,Warga di Travina akan mengalami bencana yang besar dan disebabkan oleh perubahan iklim .,0,warga travina mengalami bencana disebabkan perubahan iklim,14,7,5.357142857142857,7.428571428571429,0,0,0,0,0,0,0,0,0,0,warga travina mengalami bencana disebabkan perubahan iklim 0 0 0 0 0 0
TRA34,"MEREKA AKAN MENINGGALKAN NEGARANYA, DAN MEREKA AKAN MENJADI PUENGUNGSI YANG MEMBUTUHKAN BANTUAN DARI NEGARA LAIN, MEREKA JUGA MEMBUTUHKAN NEGARA MANA YANG HARUS MENJADI PENGUNGSI",0,meninggalkan negaranya puengungsi membutuhkan bantuan negara membutuhkan negara pengungsi,24,9,6.458333333333333,9.0,0,0,0,0,0,0,0,0,0,0,meninggalkan negaranya puengungsi membutuhkan bantuan negara membutuhkan negara pengungsi 0 0 0 0
TRA35,tantanganya adalah mereka harus beradapatsi lagi dengan lingkungan barunya.,1,tantanganya beradapatsi lingkungan barunya,9,4,7.444444444444445,9.75,0,1,0,0,0,0,0,0,1,0,tantanganya beradapatsi lingkungan barunya 0 0 0 0 0 0 0 0 0
TRA36,akan terjadi lama proses adaptasi yang dilakukan oleh para pengunsi iklim tersebut.,1,proses adaptasi pengunsi iklim,12,4,6.0,6.75,0,0,0,0,0,1,0,0,0,0,proses adaptasi pengunsi iklim 0 0 0 0 0 0 0 0 0
TRA37,komunitas dan negara,0,komunitas negara,3,2,6.0,7.5,0,0,0,0,0,0,0,0,0,0,komunitas negara 0 0 0 0 0 0 0 0 0 0 0
TRA38,"Tantangan pengungsi iklim adalah lahan pekerjaan yang ia tempati dulu akan hilang, karena ia harus meninggalkan negaranya karena bencana lingkungan yang ada di negaranya.",1,tantangan pengungsi iklim lahan pekerjaan tempati hilang meninggalkan negaranya bencana lingkungan negaranya,24,12,6.125,8.083333333333334,0,1,0,0,0,0,0,0,0,0,tantangan pengungsi iklim lahan pekerjaan tempati hilang meninggalkan negaranya bencana lingkungan negaranya 0
TRA39,beradaptasi dengan lingkungan yang baru,1,beradaptasi lingkungan,5,2,7.0,10.5,0,0,0,0,0,1,0,0,0,0,beradaptasi lingkungan 0 0 0 0 0 0 0 0 0 0 0
TRA40,tantanganya adalah akan meninggalkan tempat tinggal dan perkebunan yang dimiliki,0,tantanganya meninggalkan tinggal perkebunan dimiliki,10,5,7.1,9.6,0,1,0,0,0,0,0,0,0,0,tantanganya meninggalkan tinggal perkebunan dimiliki 0 0 0 0 0 0 0 0
TRA41,sulit mencari lahan pertanian,0,sulit mencari lahan pertanian,4,4,6.5,6.5,0,0,0,0,0,0,0,0,0,1,sulit mencari lahan pertanian 0 0 0 0 0 0 0 0 0
TRA42,"Harus mencari tempat untuk bekerja, membangun rumah dan berkenalan dengan orang asing",1,mencari membangun rumah berkenalan orang asing,12,6,6.166666666666667,6.833333333333333,0,0,0,0,0,0,0,0,0,0,mencari membangun rumah berkenalan orang asing 0 0 0 0 0 0 0
TRA43,"penyesuaian lingkungan dan masalah imigrasi, seperti amerika yang menolak imigran/pendatang dari luar",1,penyesuaian lingkungan imigrasi amerika menolak imigran pendatang,12,7,7.5,8.428571428571429,0,0,0,0,0,0,0,0,0,0,penyesuaian lingkungan imigrasi amerika menolak imigran pendatang 0 0 0 0 0 0
TRA44,kehilangan segalanya,1,kehilangan,2,1,9.5,10.0,0,0,0,0,0,0,0,0,0,0,kehilangan 0 0 0 0 0 0 0 0 0 0 0 0
TRA45,sebagian dari mereka akan kehilangan lahan dan keluarganya.,1,kehilangan lahan keluarganya,8,3,6.5,8.666666666666666,0,0,0,0,0,0,0,0,0,0,kehilangan lahan keluarganya 0 0 0 0 0 0 0 0 0 0
TRA46,sulit beradaptasi dengan wilayah barunya,1,sulit beradaptasi wilayah barunya,5,4,7.2,7.5,0,0,0,0,0,1,0,0,1,1,sulit beradaptasi wilayah barunya 0 0 0 0 0 0 0 0 0
TRA47,ia susah untuk beradaptasi,1,susah beradaptasi,4,2,5.75,8.0,0,0,0,0,0,1,0,0,0,0,susah beradaptasi 0 0 0 0 0 0 0 0 0 0 0
TRA48,Mereka harus bisa beradaptasi dengan lingkungan barunya.,1,beradaptasi lingkungan barunya,7,3,7.142857142857143,9.333333333333334,0,0,0,0,0,1,0,0,1,0,beradaptasi lingkungan barunya 0 0 0 0 0 0 0 0 0 0
TRA49,kalau tidak pindah kita terkena bencana,0,pindah terkena bencana,6,3,5.666666666666667,6.666666666666667,0,0,0,0,0,0,1,0,0,0,pindah terkena bencana 0 0 0 0 0 0 0 0 0 0
TRA50,penguisi iklim adalah orang orang yang terpaksa meningalkan komunikasi atau negaranya karena karena beencna,1,penguisi iklim orang orang terpaksa meningalkan komunikasi negaranya beencna,14,9,6.714285714285714,7.555555555555555,0,0,1,0,0,0,0,0,0,0,penguisi iklim orang orang terpaksa meningalkan komunikasi negaranya beencna 0 0 0 0
TRA51,mereka harus beradaptasi dengan tempat tersebut dan harus merelakan rumah dan harta nya tengelam,1,beradaptasi merelakan rumah harta tengelam,14,5,5.928571428571429,7.6,0,0,0,0,0,1,0,0,0,0,beradaptasi merelakan rumah harta tengelam 0 0 0 0 0 0 0 0
TRA52,tantangan yang pasti akan dihadapi oleh orang-orang Travina menjadi pengungsi iklim adalah harusnya berbaur dengan baik sesuai dengan aturan dan tatanan yang ada ditempat baru yang akan ditinggali,1,tantangan dihadapi orang orang travina pengungsi iklim berbaur sesuai aturan tatanan ditempat ditinggali,28,13,6.035714285714286,7.076923076923077,0,1,0,0,0,0,0,0,0,0,tantangan dihadapi orang orang travina pengungsi iklim berbaur sesuai aturan tatanan ditempat ditinggali
TRA53,pengungsi iklim,0,pengungsi iklim,2,2,7.0,7.0,0,0,0,0,0,0,0,0,0,0,pengungsi iklim 0 0 0 0 0 0 0 0 0 0 0
TRA54,"Mereka akan beradaptasi dengan tempat mereka yang baru, dan mereka harus menerima keadaan tempat mereka yang baru serta menjalani cara hidup yang baru ditempat tersebut",1,beradaptasi menerima menjalani hidup ditempat,25,5,5.76,8.2,0,0,0,0,0,1,0,0,0,0,beradaptasi menerima menjalani hidup ditempat 0 0 0 0 0 0 0 0
TRA55,akan kehilangan komunitas dan negaranya,1,kehilangan komunitas negaranya,5,3,7.0,9.333333333333334,0,0,0,0,0,0,0,0,0,0,kehilangan komunitas negaranya 0 0 0 0 0 0 0 0 0 0
TRA56,kehidupan yang tidak sama dengan kehidupan yang biasa mereka jalani di negaranya,0,kehidupan kehidupan jalani negaranya,12,4,5.75,8.25,0,0,0,0,0,0,0,0,0,0,kehidupan kehidupan jalani negaranya 0 0 0 0 0 0 0 0 0
TRA57,mereka harus rela kehilangan tempat tinggal yang mereka miliki sebelumnya karena pengaruh bencana alam yang tidak dapat dilewati,1,rela kehilangan tinggal miliki pengaruh bencana alam dilewati,18,8,6.166666666666667,6.75,0,0,0,0,0,0,0,0,0,0,rela kehilangan tinggal miliki pengaruh bencana alam dilewati 0 0 0 0 0
TRA58,mereka harus mengusahakan tempat mereka pindah untuk bertahan hidup dan harus menyesuaikan diri dengan lingkungan baru mereka,1,mengusahakan pindah bertahan hidup menyesuaikan lingkungan,17,6,6.411764705882353,8.833333333333334,0,0,0,0,0,0,1,0,0,0,mengusahakan pindah bertahan hidup menyesuaikan lingkungan 0 0 0 0 0 0 0
TRA59,"Warga Travina tidak betah untuk tinggal di tempat lain bukan tempat asalnya ,tidur pun suka tidak nyenyak dan makanan pun tidak sebanyak di tempat tinggal dulu ,mandi pun harus rela mengantri dengan pengungsi iklim lainnya",1,warga travina betah tinggal asalnya tidur suka nyenyak makanan tinggal mandi rela mengantri pengungsi iklim,35,15,5.371428571428571,6.2,0,0,0,0,0,0,0,0,0,0,warga travina betah tinggal asalnya tidur suka nyenyak makanan tinggal mandi rela mengantri
TRA60,"mereka harus memulai lingkungan yang baru, beradaptasi dengan lingkungan mereka yang baru, dan membangun rumah atau pertanian di tempat baru tersebut",1,lingkungan beradaptasi lingkungan membangun rumah pertanian,21,6,6.142857142857143,9.0,0,0,0,0,0,1,0,0,0,0,lingkungan beradaptasi lingkungan membangun rumah pertanian 0 0 0 0 0 0 0
TRA61,Mereka akan susah beradaptasi pada lingkungan yang baru dan mereka akan susah mendapat keahlian yang dibutuhkan di tempat yang baru,1,susah beradaptasi lingkungan susah keahlian dibutuhkan,20,6,5.6,8.166666666666666,0,0,0,0,0,1,0,0,0,0,susah beradaptasi lingkungan susah keahlian dibutuhkan 0 0 0 0 0 0 0
TRA62,"mereka harus beradaptasi dengan tampat baru yang mereka akan tinggal,memulai hidup baru mereka juga akan sangat sulit mendapatkan pekerjaan",1,beradaptasi tampat tinggal hidup sulit pekerjaan,19,6,6.368421052631579,7.166666666666667,0,0,0,0,0,1,0,0,0,1,beradaptasi tampat tinggal hidup sulit pekerjaan 0 0 0 0 0 0 0
TRA63,"mereka akan kesusahan dalam mencari kerja,mencari usaha dan lain lain.",1,kesusahan mencari kerja mencari usaha,10,5,6.1,6.6,0,0,0,0,0,0,0,0,0,0,kesusahan mencari kerja mencari usaha 0 0 0 0 0 0 0 0
TRA64,masalah tempat tingal dan barang berharga,1,tingal barang berharga,6,3,6.0,6.666666666666667,0,0,0,0,0,0,0,0,0,0,tingal barang berharga 0 0 0 0 0 0 0 0 0 0
TRA65,ketidak nyamanan berpindah,1,ketidak nyamanan berpindah,3,3,8.0,8.0,1,0,0,0,0,0,1,0,0,0,ketidak nyamanan berpindah 0 0 0 0 0 0 0 0 0 0
TRA66,"mareka merasakan sesuatu yang tidak enak karna meningalkan nerara ,keluarga,DAN lain-lain",1,mareka merasakan enak karna meningalkan nerara keluarga,11,7,7.181818181818182,7.0,0,0,0,0,0,0,0,0,0,0,mareka merasakan enak karna meningalkan nerara keluarga 0 0 0 0 0 0
TRA67,mereka harus memulai hidup baru dan harus tinggal dengan keadaan yang berbeda dari sebelumnya.,1,hidup tinggal berbeda,14,3,5.785714285714286,6.333333333333333,0,0,0,0,0,0,0,0,0,0,hidup tinggal berbeda 0 0 0 0 0 0 0 0 0 0
TRA68,berwaspada,0,berwaspada,1,1,10.0,10.0,0,0,0,0,0,0,0,0,0,0,berwaspada 0 0 0 0 0 0 0 0 0 0 0 0
TRA69,membuat kembali lahan pertanian/ lahan pekerjaan yang sudah ditinggalkan di negara tersebut,1,lahan pertanian lahan pekerjaan ditinggalkan negara,12,6,6.666666666666667,7.666666666666667,0,0,0,0,0,0,0,0,0,0,lahan pertanian lahan pekerjaan ditinggalkan negara 0 0 0 0 0 0 0
TRA70,"mengungsi ke daerah lainya ,karena komunitas atau negara lainya terpaksa meninggalkan adanya bencana lingkungan",0,mengungsi daerah lainya komunitas negara lainya terpaksa meninggalkan bencana lingkungan,14,10,7.0,7.9,0,0,0,0,0,0,0,0,0,0,mengungsi daerah lainya komunitas negara lainya terpaksa meninggalkan bencana lingkungan 0 0 0
TRA71,"pengungsi iklim akan kehilangan harta benda meraka,lahan meraka dikarenakan jika mereka telah menetap disana dan sukses disana maka mereka akan bersusah payah merintis lagi dari nol.",1,pengungsi iklim kehilangan harta benda meraka lahan meraka menetap disana sukses disana bersusah payah merintis nol,26,16,6.038461538461538,6.25,0,0,0,0,0,0,0,0,0,0,pengungsi iklim kehilangan harta benda meraka lahan meraka menetap disana sukses disana bersusah
TRA72,menahan rasa suhu tubuh yang ada di iklim negara tersebut,1,menahan suhu tubuh iklim negara,10,5,4.8,5.4,0,0,0,0,0,0,0,0,0,0,menahan suhu tubuh iklim negara 0 0 0 0 0 0 0 0
TRA73,bersosialisasi dengan orang-orang baru dan beradaptasi dengan lingkungan sekitarnya yang baru,1,bersosialisasi orang orang beradaptasi lingkungan,11,5,7.545454545454546,9.0,0,0,0,0,1,1,0,0,0,0,bersosialisasi orang orang beradaptasi lingkungan 0 0 0 0 0 0 0 0
TRA74,Akan sulit unutk menyesuaikan diri dengan lingkungan,1,sulit unutk menyesuaikan lingkungan,7,4,6.571428571428571,8.0,0,0,0,0,0,0,0,0,0,1,sulit unutk menyesuaikan lingkungan 0 0 0 0 0 0 0 0 0
TRA75,tidak coccok dengan iklim yang akan ditempatinya,1,coccok iklim ditempatinya,7,3,6.0,7.666666666666667,0,0,0,0,0,0,0,0,0,0,coccok iklim ditempatinya 0 0 0 0 0 0 0 0 0 0
TRA76,Terpaksa meninggalkan komunitas atau negaranya karena bencana lingkungan.,1,terpaksa meninggalkan komunitas negaranya bencana lingkungan,8,6,8.25,9.166666666666666,0,0,0,0,0,0,0,0,0,0,terpaksa meninggalkan komunitas negaranya bencana lingkungan 0 0 0 0 0 0 0
TRA77,Pengungsi iklim adalah orang-orang yang terpaksa meninggalkan komunitas atau negaranya karena bencana lingkungan.,0,pengungsi iklim orang orang terpaksa meninggalkan komunitas negaranya bencana lingkungan,13,10,7.769230769230769,7.9,0,0,0,0,0,0,0,0,0,0,pengungsi iklim orang orang terpaksa meninggalkan komunitas negaranya bencana lingkungan 0 0 0
TRA78,Mereka akan rugi karena mereka akan meninggalkan lahan pertanian mereka yang sudah tumbuh subur.,0,rugi meninggalkan lahan pertanian tumbuh subur,14,6,5.928571428571429,6.833333333333333,0,0,0,0,0,0,0,0,0,0,rugi meninggalkan lahan pertanian tumbuh subur 0 0 0 0 0 0 0
TRA79,harus lebih waspada lagi tentang keadaan sekitar nya,0,waspada,8,1,5.625,7.0,0,0,0,0,0,0,0,0,0,0,waspada 0 0 0 0 0 0 0 0 0 0 0 0
TRA80,meninggalkan tempat baru yang telah di tempat i selama ini dan akan kehilangan semuanya.dan akan mengulang hidup baru dari lingkungan baru .,1,meninggalkan i kehilangan mengulang hidup lingkungan,22,6,5.409090909090909,7.833333333333333,0,0,0,0,0,0,0,0,0,0,meninggalkan i kehilangan mengulang hidup lingkungan 0 0 0 0 0 0 0
TRA81,Kehilangan matapencarian atau mungkin keluarga,1,kehilangan matapencarian keluarga,5,3,8.4,10.333333333333334,0,0,0,0,0,0,0,0,0,0,kehilangan matapencarian keluarga 0 0 0 0 0 0 0 0 0 0
TRA82,"Mereka akan bergaul dengan iklim yang baru,biasanya susah atau lama untuk beradaptasi dengan iklim baru",1,bergaul iklim susah beradaptasi iklim,15,5,5.933333333333334,6.6,0,0,0,0,0,1,0,0,0,0,bergaul iklim susah beradaptasi iklim 0 0 0 0 0 0 0 0
TRA83,satu tantangan yang akan dihadapi oleh para pengungsi iklim ketika pindah ketempat yang baru yaitu beradaptasi dengan lingkungannya yang baru.,1,tantangan dihadapi pengungsi iklim pindah ketempat beradaptasi lingkungannya,20,8,6.15,8.625,0,1,0,0,0,1,1,0,0,0,tantangan dihadapi pengungsi iklim pindah ketempat beradaptasi lingkungannya 0 0 0 0 0
TRA84,mereka akan kekuranngan lahan,1,kekuranngan lahan,4,2,6.5,8.0,0,0,0,0,0,0,0,0,0,0,kekuranngan lahan 0 0 0 0 0 0 0 0 0 0 0
TRA85,Tantangan yang akan dihadapi para pengungsi iklim ini adalah mereka harus bisa beradaptasi dengan lingkungan barunya yang mungkin jauh berbeda dari tempat tinggal mereka sebelumnya dan harus memulai dari awal untuk mencari lahan pekerjaan mereka.,1,tantangan dihadapi pengungsi iklim beradaptasi lingkungan barunya berbeda tinggal mencari lahan pekerjaan,35,12,6.057142857142857,7.833333333333333,0,1,0,0,0,1,0,0,1,0,tantangan dihadapi pengungsi iklim beradaptasi lingkungan barunya berbeda tinggal mencari lahan pekerjaan 0
TRA86,tantangan nya yaitu apabila mereka pidah ke tempat yang baru maka mereka akan tidak terbiasa dengan daerah yang mereka tempati.,1,tantangan pidah terbiasa daerah tempati,20,5,5.4,7.0,0,1,0,0,0,0,0,0,0,0,tantangan pidah terbiasa daerah tempati 0 0 0 0 0 0 0 0
TRA87,"yang pertama pasti cuacanya, yang perlu beradaptasi. dengan lingkungannya",1,cuacanya beradaptasi lingkungannya,9,3,7.222222222222222,10.666666666666666,0,0,0,0,0,1,0,0,0,0,cuacanya beradaptasi lingkungannya 0 0 0 0 0 0 0 0 0 0
TRA88,mereka mungkin kurang mendapatkan pekerjaan dan tempat tinggal yang layak bagi mereka,1,pekerjaan tinggal layak,12,3,6.166666666666667,7.0,0,0,0,0,0,0,0,0,0,0,pekerjaan tinggal layak 0 0 0 0 0 0 0 0 0 0
TRA89,tidak bisa menyesuaikan diri dengan tempat baru,1,menyesuaikan,7,1,5.857142857142857,12.0,0,0,0,0,0,0,0,0,0,0,menyesuaikan 0 0 0 0 0 0 0 0 0 0 0 0
TRA90,belajar,0,belajar,1,1,7.0,7.0,0,0,0,0,0,0,0,0,0,0,belajar 0 0 0 0 0 0 0 0 0 0 0 0
TRA91,mengenal orang oramg baru/asing yag akan beradaptasi dari awal,1,mengenal orang oramg asing yag beradaptasi,9,6,6.0,6.166666666666667,0,0,0,0,0,1,0,0,0,0,mengenal orang oramg asing yag beradaptasi 0 0 0 0 0 0 0
TRA92,karena travina adalah orang orang yang terpaksa meninggalkan komunitas atau negaranya karena bencana lingkungan dan dia menyenang dapet tempat tinggal baru.,0,travina orang orang terpaksa meninggalkan komunitas negaranya bencana lingkungan menyenang dapet tinggal,21,12,6.476190476190476,7.75,0,0,0,0,0,0,0,0,0,0,travina orang orang terpaksa meninggalkan komunitas negaranya bencana lingkungan menyenang dapet tinggal 0
TRA93,mereka akan kehilangan film dokumenter populer,0,kehilangan film dokumenter populer,6,4,6.833333333333333,7.75,0,0,0,0,0,0,0,0,0,0,kehilangan film dokumenter populer 0 0 0 0 0 0 0 0 0
TRA94,tidak terbiasa dengan itu,0,terbiasa,4,1,5.5,8.0,0,0,0,0,0,0,0,0,0,0,terbiasa 0 0 0 0 0 0 0 0 0 0 0 0
TRA95,Tantangannya yang akan dihadapi adalah adanya rasa ketidak nyamanan yang mereka rasakan karena faktor lingkungan yang berbeda dari keadaan yang pernah mereka rasakan sebelumnya.,1,tantangannya dihadapi ketidak nyamanan rasakan faktor lingkungan berbeda rasakan,24,9,6.416666666666667,8.0,0,1,0,0,0,0,0,0,0,0,tantangannya dihadapi ketidak nyamanan rasakan faktor lingkungan berbeda rasakan 0 0 0 0
TRA96,"mereka akan kekurangan bahan pangan,pakaian dan obat-obatan. mereka harus saling berbagi tempat dan rela sempit-sempitan.mereka akan serba kekurangan.",1,kekurangan bahan pangan pakaian obat obatan berbagi rela sempit sempitan serba kekurangan,18,12,7.388888888888889,6.5,0,0,0,0,0,0,0,0,0,0,kekurangan bahan pangan pakaian obat obatan berbagi rela sempit sempitan serba kekurangan 0
TRA97,Mereka akan kehilangan kehilangan tempat tinggalnya,1,kehilangan kehilangan tinggalnya,6,3,7.666666666666667,10.0,0,0,0,0,0,0,0,0,0,0,kehilangan kehilangan tinggalnya 0 0 0 0 0 0 0 0 0 0
TRA98,tentunya kondisi keuangan warga-warga travina akan menurun. mereka tidak bisa bertani lagi karena lahan pertanian merkea yang hilang. para pekerja di bidang pariwisata akan berkurang karena banyak warga travina yang mengungsi dan tempat-tempat tujuan wisatawan yang rusak.,1,kondisi keuangan warga warga travina menurun bertani lahan pertanian merkea hilang pekerja bidang pariwisata berkurang warga travina mengungsi tujuan wisatawan rusak,37,21,6.378378378378378,6.904761904761905,0,0,0,0,0,0,0,0,0,0,kondisi keuangan warga warga travina menurun bertani lahan pertanian merkea hilang pekerja bidang
TRA99,tantangannya ialah penduduk akan kehilangan hasil dari pertanian yang mereka hasilkan dari lahan yang mereka tinggalkan,0,tantangannya penduduk kehilangan hasil pertanian hasilkan lahan tinggalkan,16,8,6.5,8.375,0,1,0,0,0,0,0,0,0,0,tantangannya penduduk kehilangan hasil pertanian hasilkan lahan tinggalkan 0 0 0 0 0
TRA100,pekerjan akan menjadi hilang dan lahan pertanianakan berkurang.,0,pekerjan hilang lahan pertanianakan berkurang,8,5,7.0,8.2,0,0,0,0,0,0,0,0,0,0,pekerjan hilang lahan pertanianakan berkurang 0 0 0 0 0 0 0 0
TRA101,"Karena tidak semua tempat beriklim sama, semua warga Travina juga harus menyesuaikan diri terhadap lingkungan dan iklim saat mereka pindah ke tempat yang baru.",1,beriklim warga travina menyesuaikan lingkungan iklim pindah,24,7,5.666666666666667,7.571428571428571,0,0,0,0,0,0,1,0,0,0,beriklim warga travina menyesuaikan lingkungan iklim pindah 0 0 0 0 0 0
TRA102,"trepisah oleh komunitas nya,,,dan mencari tempat tinggal baru",1,trepisah komunitas mencari tinggal,8,4,6.75,7.75,0,0,0,0,0,0,0,0,0,0,trepisah komunitas mencari tinggal 0 0 0 0 0 0 0 0 0
TRA103,untuk pindah ke daerah yang aman,1,pindah daerah aman,6,3,4.5,5.333333333333333,0,0,0,0,0,0,1,0,0,0,pindah daerah aman 0 0 0 0 0 0 0 0 0 0
TRA104,"Satu tantangan yang akan dihadapi para pengungsi iklim saat pindah ke tempat baru yaitu penyesuaian/adaptasi dengan iklim tempat baru yang mereka tempati, mungkin akan sangat berbeda dengan yang ada di Travina.",1,tantangan dihadapi pengungsi iklim pindah penyesuaian adaptasi iklim tempati berbeda travina,31,11,5.806451612903226,7.454545454545454,0,1,0,0,0,1,1,0,0,0,tantangan dihadapi pengungsi iklim pindah penyesuaian adaptasi iklim tempati berbeda travina 0 0
TRA105,mereka akan kehilangan lahan mereka yang telah mereka garap selama ini dan akan kehilangan harta benda.,1,kehilangan lahan garap kehilangan harta benda,16,6,5.5,6.666666666666667,0,0,0,0,0,0,0,0,0,0,kehilangan lahan garap kehilangan harta benda 0 0 0 0 0 0 0
TRA106,tempat mungkin kurang layak bagi mereka yang menjadi pngungsi iklim ehinggga bisa mrnjadi ebuah tantangaan,1,layak pngungsi iklim ehinggga mrnjadi ebuah tantangaan,15,7,6.133333333333334,6.857142857142857,0,0,0,0,0,0,0,0,0,0,layak pngungsi iklim ehinggga mrnjadi ebuah tantangaan 0 0 0 0 0 0
TRA107,"tidak memiliki tempat tinggal, kehilangan lahan nya",1,memiliki tinggal kehilangan lahan,7,4,6.428571428571429,7.5,0,0,0,0,0,0,0,0,0,0,memiliki tinggal kehilangan lahan 0 0 0 0 0 0 0 0 0
TRA108,akan susah untuk beradaptasi terhadap lingkunggan dan juga terhadap iklim yang baru.,1,susah beradaptasi lingkunggan iklim,12,4,6.083333333333333,8.0,0,0,0,0,0,1,0,0,0,0,susah beradaptasi lingkunggan iklim 0 0 0 0 0 0 0 0 0
TRA109,akan ber nsama dengan orang lain dan mengungsi demi keselamatan agar terhindar dari bencana iklim tersebut dan untuk waspada sebelum terjadi bencana iklim tersebut,1,ber nsama orang mengungsi keselamatan terhindar bencana iklim waspada bencana iklim,24,11,5.833333333333333,6.636363636363637,0,0,0,0,0,0,0,0,0,0,ber nsama orang mengungsi keselamatan terhindar bencana iklim waspada bencana iklim 0 0
TRA110,Mereka harus meninggalakn kebiasaan mereka saat masih di travina dan harus beradaptasi dengan lingkungan baru mereka,1,meninggalakn kebiasaan travina beradaptasi lingkungan,16,5,6.3125,9.8,0,0,0,0,0,1,0,0,0,0,meninggalakn kebiasaan travina beradaptasi lingkungan 0 0 0 0 0 0 0 0
TRA111,sulit menyesuaikan diri dengan keadan alam di tempat tersebut,1,sulit menyesuaikan keadan alam,9,4,5.888888888888889,6.75,0,0,0,0,0,0,0,0,0,1,sulit menyesuaikan keadan alam 0 0 0 0 0 0 0 0 0
TRA112,pasti akan sangat kesepian dan yang pasti belum terlalu adaptasi,1,kesepian adaptasi,10,2,5.5,8.0,0,0,0,0,0,1,0,0,0,0,kesepian adaptasi 0 0 0 0 0 0 0 0 0 0 0
TRA113,tantangan yang di hadapi adalah saat mereka pindah ke tempat yang tinggi atau baru ia akan kehilangan lahan pertaniannya,1,tantangan hadapi pindah kehilangan lahan pertaniannya,19,6,5.368421052631579,8.0,0,1,0,0,0,0,1,0,0,0,tantangan hadapi pindah kehilangan lahan pertaniannya 0 0 0 0 0 0 0
TRA114,tidak mendapat kehidupan yang layank karena tidak dapat pekejaan yang tepat sesuai dengan keahlian yang dimilikinya,1,kehidupan layank pekejaan sesuai keahlian dimilikinya,16,6,6.25,8.0,0,0,0,0,0,0,0,0,0,0,kehidupan layank pekejaan sesuai keahlian dimilikinya 0 0 0 0 0 0 0
TRA115,mereka akan mengalami kesulitan untuk mendapatkan kebutuhan sehari hari,1,mengalami kesulitan kebutuhan sehari,9,4,7.0,8.25,0,0,0,0,0,0,0,0,0,1,mengalami kesulitan kebutuhan sehari 0 0 0 0 0 0 0 0 0
TRA116,tidak memiliki tempat tinggal,0,memiliki tinggal,4,2,6.5,7.5,0,0,0,0,0,0,0,0,0,0,memiliki tinggal 0 0 0 0 0 0 0 0 0 0 0
TRA117,warga mungkin dibaksa menjadi pengungsi iklim,0,warga dibaksa pengungsi iklim,6,4,6.666666666666667,6.5,0,0,0,0,0,0,0,0,0,0,warga dibaksa pengungsi iklim 0 0 0 0 0 0 0 0 0
TRA118,akan memiliki tempat tinggal yang baru dan suasana yang baru,0,memiliki tinggal suasana,10,3,5.1,7.333333333333333,0,0,0,0,0,0,0,1,0,0,memiliki tinggal suasana 0 0 0 0 0 0 0 0 0 0
TRA119,adaptasi dengan lingkungan sekitar,1,adaptasi lingkungan,4,2,7.75,9.0,0,0,0,0,0,1,0,0,0,0,adaptasi lingkungan 0 0 0 0 0 0 0 0 0 0 0
TRA120,orang orang akan meninggalkan komunitas atau negaranya karena bencana lingkungan.,0,orang orang meninggalkan komunitas negaranya bencana lingkungan,10,7,7.2,8.142857142857142,0,0,0,0,0,0,0,0,0,0,orang orang meninggalkan komunitas negaranya bencana lingkungan 0 0 0 0 0 0
TRA121,mereka akan mendapatkan suasana yang berbeda.,0,suasana berbeda,6,2,6.666666666666667,7.0,0,0,0,0,0,0,0,1,0,0,suasana berbeda 0 0 0 0 0 0 0 0 0 0 0
TRA122,Mereka akan suilt beradaptasi dan merasa tidak nyaman.,1,suilt beradaptasi nyaman,8,3,5.875,7.333333333333333,0,0,0,0,0,1,0,0,0,0,suilt beradaptasi nyaman 0 0 0 0 0 0 0 0 0 0
TRA123,"Mereka harus kembali beradaptasi dengan keadaan yang baru, yang mungkin bisa tidak sesuai dengan keafaan di Travina.",1,beradaptasi sesuai keafaan travina,17,4,5.882352941176471,7.75,0,0,0,0,0,1,0,0,0,0,beradaptasi sesuai keafaan travina 0 0 0 0 0 0 0 0 0
TRA124,pengungsi akan mengalami perubahan iklim dan juga harus bisa beradaptasi pada lingkungan baru,1,pengungsi mengalami perubahan iklim beradaptasi lingkungan,13,6,6.230769230769231,8.833333333333334,0,0,0,0,0,1,0,0,0,0,pengungsi mengalami perubahan iklim beradaptasi lingkungan 0 0 0 0 0 0 0
TRA125,terpaksa meninggalkan komunitas atau negaranya,1,terpaksa meninggalkan komunitas negaranya,5,4,8.4,9.5,0,0,0,0,0,0,0,0,0,0,terpaksa meninggalkan komunitas negaranya 0 0 0 0 0 0 0 0 0
TRA126,akan menjadi orr asing ketika pindah tempat,1,orr asing pindah,7,3,5.285714285714286,4.666666666666667,0,0,0,0,0,0,1,0,0,0,orr asing pindah 0 0 0 0 0 0 0 0 0 0
TRA127,lnfl;wfil,0,lnfl wfil,1,2,9.0,4.0,0,0,0,0,0,0,0,0,0,0,lnfl wfil 0 0 0 0 0 0 0 0 0 0 0
TRA128,"tantangannya yaitu dari segi makanan dan minuman,dan mereka juga harus bisa menyesuaikan diri dengan lingkungannya yang baru",1,tantangannya segi makanan minuman menyesuaikan lingkungannya,17,6,6.352941176470588,9.166666666666666,0,1,0,0,0,0,0,0,0,0,tantangannya segi makanan minuman menyesuaikan lingkungannya 0 0 0 0 0 0 0
TRA129,"belum tentu tempat yang di gunakan untuk beroindah lebih aman dari tempat yang sebelumya di tinggali mereka,bisa saja lebih beresiko dari tempat sebelumnya.",1,beroindah aman sebelumya tinggali beresiko,23,5,5.826086956521739,7.6,0,0,0,0,0,0,0,0,0,0,beroindah aman sebelumya tinggali beresiko 0 0 0 0 0 0 0 0
TRA130,beradaptasi dengan iklim baru dan lingkungan baru,1,beradaptasi iklim lingkungan,7,3,6.142857142857143,8.666666666666666,0,0,0,0,0,1,0,0,0,0,beradaptasi iklim lingkungan 0 0 0 0 0 0 0 0 0 0
TRA131,Tak terbiasa Belum bisa beradaptasi,1,terbiasa beradaptasi,5,2,6.2,9.5,0,0,0,0,0,1,0,0,0,0,terbiasa beradaptasi 0 0 0 0 0 0 0 0 0 0 0
TRA132,akan beradaptasi di tempat yang baru.,1,beradaptasi,6,1,5.333333333333333,11.0,0,0,0,0,0,1,0,0,0,0,beradaptasi 0 0 0 0 0 0 0 0 0 0 0 0
TRA133,harus dapat ber adap tasi sama ling kung sakitar wilaya baru mereka pinda,1,ber adap tasi ling kung sakitar wilaya pinda,13,8,4.6923076923076925,4.625,0,0,0,0,0,0,0,0,0,0,ber adap tasi ling kung sakitar wilaya pinda 0 0 0 0 0
TRA134,akan kekurangan makanan dan keperluan lainnya akan kehilangan pekerjaan dan harus beradaptasi ulang di tempat yang baru,1,kekurangan makanan keperluan kehilangan pekerjaan beradaptasi ulang,17,7,6.0588235294117645,8.714285714285714,0,0,0,0,0,1,0,0,0,0,kekurangan makanan keperluan kehilangan pekerjaan beradaptasi ulang 0 0 0 0 0 0
TRA135,meninggaalkan perttanian mereka yang sudah di garap selama ini.,1,meninggaalkan perttanian garap,9,3,6.111111111111111,9.333333333333334,0,0,0,0,0,0,0,0,0,0,meninggaalkan perttanian garap 0 0 0 0 0 0 0 0 0 0
TRA136,mereka harus bisa beradaptasi denga lingkungan baru nya.,1,beradaptasi denga lingkungan,8,3,6.125,8.666666666666666,0,0,0,0,0,1,0,0,0,0,beradaptasi denga lingkungan 0 0 0 0 0 0 0 0 0 0
TRA137,akan lama untuk beradaptasi,1,beradaptasi,4,1,6.0,11.0,0,0,0,0,0,1,0,0,0,0,beradaptasi 0 0 0 0 0 0 0 0 0 0 0 0
TRA138,Mereka kemungkinan akan kesulitan untuk beradaptasi. Mereka juga akan memerlukan pekerjaan baru untuk memenuhi kebutuhan mereka sehari-hari,1,kesulitan beradaptasi pekerjaan memenuhi kebutuhan sehari,17,6,7.235294117647059,8.666666666666666,0,0,0,0,0,1,0,0,0,1,kesulitan beradaptasi pekerjaan memenuhi kebutuhan sehari 0 0 0 0 0 0 0
TRA139,perbedaan iklim dan penyesuaian lingkungan,1,perbedaan iklim penyesuaian lingkungan,5,4,7.6,8.75,0,0,0,0,0,0,0,0,0,0,perbedaan iklim penyesuaian lingkungan 0 0 0 0 0 0 0 0 0
TRA140,yang di hadapinya ketika di pindahkan di tempat baru adalah sulit menyesuaikan diri di tempat yang baru,1,hadapinya pindahkan sulit menyesuaikan,17,4,5.117647058823529,8.75,0,0,0,0,0,0,1,0,0,1,hadapinya pindahkan sulit menyesuaikan 0 0 0 0 0 0 0 0 0
TRA141,mereka akan gugup akan hal yang baru,0,gugup,7,1,4.285714285714286,5.0,0,0,0,0,0,0,0,0,0,0,gugup 0 0 0 0 0 0 0 0 0 0 0 0
TRA142,tantangan pengungsi iklim adalah orang orang terpaksa meninggalkan komunitas atau negaranya karna bencana lingkungan,1,tantangan pengungsi iklim orang orang terpaksa meninggalkan komunitas negaranya karna bencana lingkungan,14,12,7.357142857142857,7.75,0,1,0,0,0,0,0,0,0,0,tantangan pengungsi iklim orang orang terpaksa meninggalkan komunitas negaranya karna bencana lingkungan 0
TRA143,Mengenal lingkungan baru,1,mengenal lingkungan,3,2,7.333333333333333,9.0,0,0,0,0,0,0,0,0,0,0,mengenal lingkungan 0 0 0 0 0 0 0 0 0 0 0
TRA144,tantangannya mereka akan lebih sulit lagi untuk beradaptasi di tempat yang beriklim beda.,1,tantangannya sulit beradaptasi beriklim beda,13,5,5.923076923076923,8.0,0,1,0,0,0,1,0,0,0,1,tantangannya sulit beradaptasi beriklim beda 0 0 0 0 0 0 0 0
TRA145,negara-negara lain akan menginginkan dukungan yang sama untuk proyek-proyek mereka,0,negara negara dukungan proyek proyek,10,5,7.3,6.4,0,0,0,0,0,0,0,0,0,0,negara negara dukungan proyek proyek 0 0 0 0 0 0 0 0
TRA146,terpksa meninggalkan komunitas atau negaranya karena bencana lingkungan,1,terpksa meninggalkan komunitas negaranya bencana lingkungan,8,6,8.0,9.0,0,0,0,0,0,0,0,0,0,0,terpksa meninggalkan komunitas negaranya bencana lingkungan 0 0 0 0 0 0 0
TRA147,tantangannya adalah terbiasa dengan lingkungan baru.,1,tantangannya terbiasa lingkungan,6,3,7.833333333333333,10.0,0,1,0,0,0,0,0,0,0,0,tantangannya terbiasa lingkungan 0 0 0 0 0 0 0 0 0 0
TRA148,Perekonomian yang menurun dan mereka harus membangun kehidupan yang baru untuk melanjutkan kehidupannya.,1,perekonomian menurun membangun kehidupan melanjutkan kehidupannya,13,6,7.076923076923077,10.0,0,0,0,1,0,0,0,0,0,0,perekonomian menurun membangun kehidupan melanjutkan kehidupannya 0 0 0 0 0 0 0
TRA149,mereka akan kehilangan lahan pertanian mereka.,1,kehilangan lahan pertanian,6,3,6.833333333333333,8.0,0,0,0,0,0,0,0,0,0,0,kehilangan lahan pertanian 0 0 0 0 0 0 0 0 0 0
TRA150,Akan mendapat suasana baru,0,suasana,4,1,5.75,7.0,0,0,0,0,0,0,0,1,0,0,suasana 0 0 0 0 0 0 0 0 0 0 0 0
TRA151,"jika mereka pindah ke tempat baru, maka mereka harus beradaptasi lagi dari awal. jika mereka pindah ke negara lain, mereka harus mempelajari budaya dan bahasa yang berbeda dari yang mereka miliki. dan juga ada kemungkinan mereka akan dibully oleh penduduk asli tempat tersebut. dan akan terjadi lagi diskriminasi seperti saat dulu diskriminasi terhadap orang hitam dan orang putih.",1,pindah beradaptasi pindah negara mempelajari budaya bahasa berbeda miliki dibully penduduk asli diskriminasi diskriminasi orang hitam orang putih,58,18,5.586206896551724,7.111111111111111,0,0,0,0,0,1,1,0,0,0,pindah beradaptasi pindah negara mempelajari budaya bahasa berbeda miliki dibully penduduk asli diskriminasi
TRA152,Berhadapan dengan lingkungan dan budaya yang berbeda sehingga harus dapat beradaptasi dengan cepat dan baik. Belum tentu tempat baru tersebut akan ramah terhadap pengungsi iklim.,1,berhadapan lingkungan budaya berbeda beradaptasi cepat ramah pengungsi iklim,25,9,6.16,7.555555555555555,0,0,0,0,0,1,0,0,0,0,berhadapan lingkungan budaya berbeda beradaptasi cepat ramah pengungsi iklim 0 0 0 0
TRA153,beradaptasi dengan linkungan,1,beradaptasi linkungan,3,2,8.666666666666666,10.0,0,0,0,0,0,1,0,0,0,0,beradaptasi linkungan 0 0 0 0 0 0 0 0 0 0 0
TRA154,mereka akan meninggalkan lahan pertanian dan perikanan yang lama mereka kembangkan,1,meninggalkan lahan pertanian perikanan kembangkan,11,5,6.545454545454546,9.0,0,0,0,0,0,0,0,0,0,0,meninggalkan lahan pertanian perikanan kembangkan 0 0 0 0 0 0 0 0
TRA155,"kekurangan makananan,kehilangan pekerjaan,belum terbiasa pada lingkungan baru",1,kekurangan makananan kehilangan pekerjaan terbiasa lingkungan,7,6,10.142857142857142,9.333333333333334,0,0,0,0,0,0,0,0,0,0,kekurangan makananan kehilangan pekerjaan terbiasa lingkungan 0 0 0 0 0 0 0
TRA156,"banyak tantangan yg akan di lalui warga Travina,bukan hanya satu,contohnya mereka akan kehilangan rumah,pertanian dan memulai hidup baru di negara pengungsian mereka. Mereka juga akan beradaptasi & mau-tidak mau harus mengikuti budaya dan keadaan di lingkungan baru mereka.",1,tantangan lalui warga travina contohnya kehilangan rumah pertanian hidup negara pengungsian beradaptasi mengikuti budaya lingkungan,38,15,6.2105263157894735,7.8,0,1,0,0,0,1,0,0,0,0,tantangan lalui warga travina contohnya kehilangan rumah pertanian hidup negara pengungsian beradaptasi mengikuti
TRA157,mereka akan kehilangan segalanya,0,kehilangan,4,1,7.25,10.0,0,0,0,0,0,0,0,0,0,0,kehilangan 0 0 0 0 0 0 0 0 0 0 0 0
TRA158,mendapat tempat tinggal yang belum tentu layak dan nyaman,1,tinggal layak nyaman,9,3,5.444444444444445,6.0,0,0,0,0,0,0,0,0,0,0,tinggal layak nyaman 0 0 0 0 0 0 0 0 0 0
TRA159,mereka akan harus beradaptasi dengan lingkungan baru mereka yang mungkin situasi dan kondisinya tidak sama,1,beradaptasi lingkungan situasi kondisinya,15,4,6.133333333333334,9.5,0,0,0,0,0,1,0,0,0,0,beradaptasi lingkungan situasi kondisinya 0 0 0 0 0 0 0 0 0
TRA160,tantanganakandihadapiparapengunsi,0,tantanganakandihadapiparapengunsi,1,1,33.0,33.0,0,1,0,0,0,0,0,0,0,0,tantanganakandihadapiparapengunsi 0 0 0 0 0 0 0 0 0 0 0 0
TRA161,dapat dianggap sebagai imigran yang akan menambah jumlah kepadatan penduduk di suatu daerah,1,dianggap imigran menambah kepadatan penduduk daerah,13,6,6.076923076923077,7.666666666666667,0,0,0,0,0,0,0,0,0,0,dianggap imigran menambah kepadatan penduduk daerah 0 0 0 0 0 0 0
TRA162,Salah satu tantangan yang akan dihadapi adalah ketika mereka harus mulai terbiasa dengan kehidupan mereka di tempat yang baru. Selaim itu mereka juga harus beradaptasi dengan lingkungan mereka yang baru yang tentunya lingkungan baru itu berbeda dengan tempat tinggal mereka yang dulu.,1,salah tantangan dihadapi terbiasa kehidupan selaim beradaptasi lingkungan lingkungan berbeda tinggal,42,11,5.785714285714286,8.181818181818182,0,1,0,0,0,1,0,0,0,0,salah tantangan dihadapi terbiasa kehidupan selaim beradaptasi lingkungan lingkungan berbeda tinggal 0 0
TRA163,bisa jadi mereka akan sulit bersosialisasi,1,sulit bersosialisasi,6,2,6.166666666666667,9.5,0,0,0,0,1,0,0,0,0,1,sulit bersosialisasi 0 0 0 0 0 0 0 0 0 0 0
TRA164,pasti adanya penyakit yang tidak diinginkan oleh warga,0,penyakit warga,8,2,5.875,6.5,0,0,0,0,0,0,0,0,0,0,penyakit warga 0 0 0 0 0 0 0 0 0 0 0
TRA165,"salahsatunya mereka sulit mendapatkan air,mencri mkan yang akn mereka makan seahri hari,sulit untuk mencri temsn mengobrol atau berbicra dan mereka sulit memahami lingkungan yg mereka tingal sekarang.",1,salahsatunya sulit air mencri mkan akn makan seahri sulit mencri temsn mengobrol berbicra sulit memahami lingkungan tingal,27,17,6.444444444444445,6.235294117647059,0,0,0,0,0,0,0,0,0,1,salahsatunya sulit air mencri mkan akn makan seahri sulit mencri temsn mengobrol berbicra
TRA166,sering terjadi masalah,0,,3,1,6.666666666666667,0.0,0,0,0,0,0,0,0,0,0,0, 0 0 0 0 0 0 0 0 0 0 0 0
TRA167,tantangan yang akan dihadapi para pengungsi iklim yaitu susahnya mencari makan atau aktifvitas seperti yang mereka lakukan berhari hari dan hambatan atas kebutuhan yang mereka lukan.sesah untuk berinteraksi dengan orang orang baru,1,tantangan dihadapi pengungsi iklim susahnya mencari makan aktifvitas lakukan berhari hambatan kebutuhan lukan sesah berinteraksi orang orang,32,17,6.21875,7.294117647058823,0,1,0,0,0,0,0,0,0,0,tantangan dihadapi pengungsi iklim susahnya mencari makan aktifvitas lakukan berhari hambatan kebutuhan lukan
TRA168,Tantangan yang dihadapi para pengungsi iklim ini ketika mereka pindah ke tempat baru yaitu tidak terjaminnya makanan dan kebutuhan kebutuhan mereka saat di tempat pengungsian.,1,tantangan dihadapi pengungsi iklim pindah terjaminnya makanan kebutuhan kebutuhan pengungsian,25,10,6.04,8.4,0,1,0,0,0,0,1,0,0,0,tantangan dihadapi pengungsi iklim pindah terjaminnya makanan kebutuhan kebutuhan pengungsian 0 0 0
TRA169,mereka akan merasakan hal yang sangat berbeda sekali,1,merasakan berbeda,8,2,5.625,8.0,0,0,0,0,0,0,0,0,0,0,merasakan berbeda 0 0 0 0 0 0 0 0 0 0 0
TRA170,lebih dikucilkan karna sebagai warga baru yang belum tentu tahu tata tertibnya,1,dikucilkan karna warga tata tertibnya,12,5,5.583333333333333,6.6,0,0,0,0,0,0,0,0,0,0,dikucilkan karna warga tata tertibnya 0 0 0 0 0 0 0 0
TRA171,mungkin mereka belum mengenal tempat baru mereka dan haru beradaptasi kembali,1,mengenal haru beradaptasi,11,3,6.090909090909091,7.666666666666667,0,0,0,0,0,1,0,0,0,0,mengenal haru beradaptasi 0 0 0 0 0 0 0 0 0 0
TRA172,Perlu menyesuaikan diri kembali,1,menyesuaikan,4,1,7.0,12.0,0,0,0,0,0,0,0,0,0,0,menyesuaikan 0 0 0 0 0 0 0 0 0 0 0 0
TRA173,"mencari tempat yang baru,perlu beradaptasi dengan lingkungan sekitar,perlu teman baru atau tetangga baru",1,mencari beradaptasi lingkungan teman tetangga,13,5,7.076923076923077,8.2,0,0,0,0,0,1,0,0,0,0,mencari beradaptasi lingkungan teman tetangga 0 0 0 0 0 0 0 0
TRA174,Satu tantangan yang mungkin dihadapi para pengungsi iklim ketika mereka pindah ketempat baru adalah susahnya beradaptasi dengan tempat yang baru yang pasti berbeda jauh dengan tempat tinggal mereka dulu begitu juga dengan pekerjaan mereka pasti susah dilakukan jika pekerjaan di tempat baru mereka tidah pernah mereka lakukan di tempat tinggal lama mereka,1,tantangan dihadapi pengungsi iklim pindah ketempat susahnya beradaptasi berbeda tinggal pekerjaan susah pekerjaan tidah lakukan tinggal,52,16,5.846153846153846,7.5,0,1,0,0,0,1,1,0,0,0,tantangan dihadapi pengungsi iklim pindah ketempat susahnya beradaptasi berbeda tinggal pekerjaan susah pekerjaan
TRA175,penduduk akan kehilangan lahan pertanian dan perkebunan yang mereka punya,1,penduduk kehilangan lahan pertanian perkebunan,10,5,6.4,8.4,0,0,0,0,0,0,0,0,0,0,penduduk kehilangan lahan pertanian perkebunan 0 0 0 0 0 0 0 0
TRA176,perubahan lingkungan,1,perubahan lingkungan,2,2,9.5,9.5,0,0,0,0,0,0,0,0,0,0,perubahan lingkungan 0 0 0 0 0 0 0 0 0 0 0
TRA177,perlu beradaptasi dengan iklim baru di tempat yang baru,1,beradaptasi iklim,9,2,5.222222222222222,8.0,0,0,0,0,0,1,0,0,0,0,beradaptasi iklim 0 0 0 0 0 0 0 0 0 0 0
TRA178,pengungsi iklim akan menghadapi masalah yaitu merasa tidak nyaman karena berada di tempat yang baru dan tidak berada seperti di tempat tinggal nya sendiri,0,pengungsi iklim menghadapi nyaman tinggal,24,5,5.458333333333333,7.4,0,0,0,0,0,0,0,0,0,0,pengungsi iklim menghadapi nyaman tinggal 0 0 0 0 0 0 0 0
TRA179,mereka perlu BERADAPTASI dengan lingkungan baru yang mereka tempati,1,beradaptasi lingkungan tempati,9,3,6.555555555555555,9.333333333333334,0,0,0,0,0,1,0,0,0,0,beradaptasi lingkungan tempati 0 0 0 0 0 0 0 0 0 0
TRA180,hilangnya lahan pertanian atau brubah nya perekonomian.,1,hilangnya lahan pertanian brubah perekonomian,7,5,7.0,8.2,0,0,0,1,0,0,0,0,0,0,hilangnya lahan pertanian brubah perekonomian 0 0 0 0 0 0 0 0
TRA181,pungunsi iklim,0,pungunsi iklim,2,2,6.5,6.5,0,0,0,0,0,0,0,0,0,0,pungunsi iklim 0 0 0 0 0 0 0 0 0 0 0
TRA182,kehilangan lingkungan kita akibat bencana .,0,kehilangan lingkungan akibat bencana,6,4,6.333333333333333,8.25,0,0,0,0,0,0,0,0,0,0,kehilangan lingkungan akibat bencana 0 0 0 0 0 0 0 0 0
TRA183,Kekurangan sumber daya,0,kekurangan sumber daya,3,3,6.666666666666667,6.666666666666667,0,0,0,0,0,0,0,0,0,0,kekurangan sumber daya 0 0 0 0 0 0 0 0 0 0
TRA184,"mereka akan kehilangan tempat tinggal, pekerjaan sehinnga ditempat baru, mereka harus beradaptasi dengan lingkungan baru mereka",1,kehilangan tinggal pekerjaan sehinnga ditempat beradaptasi lingkungan,16,7,7.0,9.0,0,0,0,0,0,1,0,0,0,0,kehilangan tinggal pekerjaan sehinnga ditempat beradaptasi lingkungan 0 0 0 0 0 0
TRA185,kehilagan lahan pertanian penyesuaian tubuh,0,kehilagan lahan pertanian penyesuaian tubuh,5,5,7.8,7.8,0,0,0,0,0,0,0,0,0,0,kehilagan lahan pertanian penyesuaian tubuh 0 0 0 0 0 0 0 0
TRA186,mereka akan sulit untuk menyesuaikan dirinya di lingkungan baru,1,sulit menyesuaikan lingkungan,9,3,6.111111111111111,9.0,0,0,0,0,0,0,0,0,0,1,sulit menyesuaikan lingkungan 0 0 0 0 0 0 0 0 0 0
TRA187,sulit mendapat tempat yg cocok untuk tinggal,1,sulit cocok tinggal,7,3,5.428571428571429,5.666666666666667,0,0,0,0,0,0,0,0,0,1,sulit cocok tinggal 0 0 0 0 0 0 0 0 0 0
TRA188,adaptasi dengan lingkungan baru,1,adaptasi lingkungan,4,2,7.0,9.0,0,0,0,0,0,1,0,0,0,0,adaptasi lingkungan 0 0 0 0 0 0 0 0 0 0 0
TRA189,mereka harus mencari pekerjaan baru dan harus membiasakan diri kembali di lingkungan yang baru,1,mencari pekerjaan membiasakan lingkungan,14,4,5.785714285714286,9.25,0,0,0,0,0,0,0,0,0,0,mencari pekerjaan membiasakan lingkungan 0 0 0 0 0 0 0 0 0
TRA190,sulit bersosialisasi dengan keadaan iklim yang ada di tempat yang baru,1,sulit bersosialisasi iklim,11,3,5.454545454545454,8.0,0,0,0,0,1,0,0,0,0,1,sulit bersosialisasi iklim 0 0 0 0 0 0 0 0 0 0
TRA191,mereka kehilangan mata pencaharian dan mereka juga kehilangan banyak barang serta mereka juga bakal sibuk untuk terus berpindah pindah seiring berjalannya perubahan iklim,1,kehilangan mata pencaharian kehilangan barang sibuk berpindah pindah seiring berjalannya perubahan iklim,23,12,6.434782608695652,7.75,1,0,0,0,0,0,1,0,0,0,kehilangan mata pencaharian kehilangan barang sibuk berpindah pindah seiring berjalannya perubahan iklim 0
TRA192,mereka akan kehilangan lahan pertanian mereka,1,kehilangan lahan pertanian,6,3,6.666666666666667,8.0,0,0,0,0,0,0,0,0,0,0,kehilangan lahan pertanian 0 0 0 0 0 0 0 0 0 0
TRA193,pasi pengungsi bahagia karena dapat tempat untuk mengungsi,0,pasi pengungsi bahagia mengungsi,8,4,6.375,7.25,0,0,0,0,0,0,0,0,0,0,pasi pengungsi bahagia mengungsi 0 0 0 0 0 0 0 0 0
TRA194,sebagian dari mereka akan kehilangan pekerjaan dan akan sulit untuk beradaptasi.,1,kehilangan pekerjaan sulit beradaptasi,11,4,6.363636363636363,8.75,0,0,0,0,0,1,0,0,0,1,kehilangan pekerjaan sulit beradaptasi 0 0 0 0 0 0 0 0 0
TRA195,"Menurut saya, salah satu tantangan yang dihadapi oleh para pengungsi iklimk adalah : 1. termakannya waktu untuk melakukan perpindahan dari satu tempat ke tempat lainnya. 2. hilangnya mata pencaharian. 3. dana negara mulai menipis. 4. sumber daya alam di tempat yang dulu tidak bisa dimanfaatkan.",1,salah tantangan dihadapi pengungsi iklimk termakannya perpindahan hilangnya mata pencaharian dana negara menipis sumber daya alam dimanfaatkan,45,17,5.5777777777777775,7.411764705882353,0,1,0,0,0,0,1,0,0,0,salah tantangan dihadapi pengungsi iklimk termakannya perpindahan hilangnya mata pencaharian dana negara menipis
TRA196,membiasakan dengan iklim yang baru,1,membiasakan iklim,5,2,6.0,8.0,0,0,0,0,0,0,0,0,0,0,membiasakan iklim 0 0 0 0 0 0 0 0 0 0 0
TRA197,penduduk menigalkan perkebunan mereka ke daerah yang lebih tinggi untuk meng ngusi,0,penduduk menigalkan perkebunan daerah meng ngusi,12,6,5.916666666666667,7.166666666666667,0,0,0,0,0,0,0,0,0,0,penduduk menigalkan perkebunan daerah meng ngusi 0 0 0 0 0 0 0
TRA198,perlu beradaptasi,1,beradaptasi,2,1,8.0,11.0,0,0,0,0,0,1,0,0,0,0,beradaptasi 0 0 0 0 0 0 0 0 0 0 0 0
TRA199,tantangan yang dihadapi adalah warga dipaksa untuk menjadi pengungsi iklim,0,tantangan dihadapi warga dipaksa pengungsi iklim,10,6,6.5,7.166666666666667,0,1,0,0,0,0,0,0,0,0,tantangan dihadapi warga dipaksa pengungsi iklim 0 0 0 0 0 0 0
TRA200,"mereka bisa saja mengalami kesulitan dalam menyesuaikan diri dengan lingkungan yang baru,karena di setiap daerah atau negara pastinya mempunyai perbedaan baik dalam bahasa,budaya dan pergaulan,jadi sudah dipastikan bahwa pengungsi iklim juga akan mengakami hal tersebut.",1,mengalami kesulitan menyesuaikan lingkungan daerah negara pastinya perbedaan bahasa budaya pergaulan pengungsi iklim mengakami,35,14,6.742857142857143,8.071428571428571,0,0,0,0,0,0,0,0,0,1,mengalami kesulitan menyesuaikan lingkungan daerah negara pastinya perbedaan bahasa budaya pergaulan pengungsi iklim
TRA201,harus beradaptasi dengan lingkungan barunya juga akan kehilangan lahan pertanian mereka,1,beradaptasi lingkungan barunya kehilangan lahan pertanian,11,6,7.0,8.666666666666666,0,0,0,0,0,1,0,0,1,0,beradaptasi lingkungan barunya kehilangan lahan pertanian 0 0 0 0 0 0 0
TRA202,mereka akan dikucikan bila mereka pindah ketempat yang baru dan mereka akn sulit mendapatkan pertolongan medis dan pendidikan karena mereka tidak tinggal di daerah mereka,1,dikucikan pindah ketempat akn sulit pertolongan medis pendidikan tinggal daerah,25,10,5.84,7.0,0,0,0,0,0,0,1,0,0,1,dikucikan pindah ketempat akn sulit pertolongan medis pendidikan tinggal daerah 0 0 0
TRA203,tantangan terbesar para pengungsi iklim adalah Beradaptasi dengan tempat barunya nanti.,1,tantangan terbesar pengungsi iklim beradaptasi barunya,11,6,7.0,8.166666666666666,0,1,0,0,0,1,0,0,1,0,tantangan terbesar pengungsi iklim beradaptasi barunya 0 0 0 0 0 0 0
TRA204,akan sulit beradap tasi dengan lingkungan baru,1,sulit beradap tasi lingkungan,7,4,5.714285714285714,6.5,0,0,0,0,0,0,0,0,0,1,sulit beradap tasi lingkungan 0 0 0 0 0 0 0 0 0
TRA205,Mereka akan sulit mencari makanan dan sektor usaha mereka seperti pertanian akan hilang.,1,sulit mencari makanan sektor usaha pertanian hilang,13,7,5.846153846153846,6.428571428571429,0,0,0,0,0,0,0,0,0,1,sulit mencari makanan sektor usaha pertanian hilang 0 0 0 0 0 0
TRA206,Proses adaptasi mereka dengan lingkungan baru akan susah,1,proses adaptasi lingkungan susah,8,4,6.125,7.25,0,0,0,0,0,1,0,0,0,0,proses adaptasi lingkungan susah 0 0 0 0 0 0 0 0 0
TRA207,dia susah beradaptasi dgn iklim yang di tempat pengungsian karena dia tidak terbiasa dgn iklim seperti itu,1,susah beradaptasi dgn iklim pengungsian terbiasa dgn iklim,17,8,5.294117647058823,6.375,0,0,0,0,0,1,0,0,0,0,susah beradaptasi dgn iklim pengungsian terbiasa dgn iklim 0 0 0 0 0
TRA208,Pengungsi iklim adalah orang-orang yang terpaksa meninggalkan komunitas atau negaranya karena bencana lingkungan.,0,pengungsi iklim orang orang terpaksa meninggalkan komunitas negaranya bencana lingkungan,13,10,7.769230769230769,7.9,0,0,0,0,0,0,0,0,0,0,pengungsi iklim orang orang terpaksa meninggalkan komunitas negaranya bencana lingkungan 0 0 0
TRA209,Berinteraksi dengan lingkungan dan kehilangan lahan pertanian dan rumahnya,1,berinteraksi lingkungan kehilangan lahan pertanian rumahnya,9,6,7.333333333333333,9.0,0,0,0,0,0,0,0,0,0,0,berinteraksi lingkungan kehilangan lahan pertanian rumahnya 0 0 0 0 0 0 0
TRA210,keadaannya sangat berbeda,0,keadaannya berbeda,3,2,7.666666666666667,8.5,0,0,0,0,0,0,0,0,0,0,keadaannya berbeda 0 0 0 0 0 0 0 0 0 0 0
TRA211,"mereka harus memulai ulang kehidupan nyha ( mulai dari pekerjaan, ataupun kalu ada sejarah tentang rumah itu sudah ditempati keluarga itu secara turun menurun)",1,ulang kehidupan nyha pekerjaan kalu sejarah rumah ditempati keluarga turun menurun,24,11,5.666666666666667,6.545454545454546,0,0,0,0,0,0,0,0,0,0,ulang kehidupan nyha pekerjaan kalu sejarah rumah ditempati keluarga turun menurun 0 0
TRA212,"tempat tinggal yang terbatas, makanan dan minuman yang tidak cukup, dan konflik batin yang akan dialami para pengungsi iklim",1,tinggal terbatas makanan minuman konflik batin dialami pengungsi iklim,19,9,5.578947368421052,6.888888888888889,0,0,0,0,0,0,0,0,0,0,tinggal terbatas makanan minuman konflik batin dialami pengungsi iklim 0 0 0 0
TRA213,dia akan merasa berbeda ketika dia tinggal ditempat yang lebih dingin namun kini tinggal ditempat yang lebih panas,1,berbeda tinggal ditempat dingin tinggal ditempat panas,18,7,5.388888888888889,6.857142857142857,0,0,0,0,0,0,0,0,0,0,berbeda tinggal ditempat dingin tinggal ditempat panas 0 0 0 0 0 0
TRA214,"Kurangnya lahan yang bisa mereka kembangan seperti untuk lahan pertanian karena biasanya, ketika mereka pindah ke tempat baru. tempat tersebut sudah berpehuni ataupun masih belum terurus",1,kurangnya lahan kembangan lahan pertanian pindah berpehuni terurus,26,8,6.1923076923076925,7.375,0,0,0,0,0,0,1,0,0,0,kurangnya lahan kembangan lahan pertanian pindah berpehuni terurus 0 0 0 0 0
TRA215,mereka harus beradaptasi pada lingkungan baru lagi mencari teman kerabat yang baru lagi serba baru lah pokoknya,1,beradaptasi lingkungan mencari teman kerabat serba pokoknya,17,7,5.588235294117647,7.571428571428571,0,0,0,0,0,1,0,0,0,0,beradaptasi lingkungan mencari teman kerabat serba pokoknya 0 0 0 0 0 0
TRA216,berbuat baik terhadap manyarakat baru,0,berbuat manyarakat,5,2,6.6,8.5,0,0,0,0,0,0,0,0,0,0,berbuat manyarakat 0 0 0 0 0 0 0 0 0 0 0
TRA217,kenaikan permukaan air laut,0,kenaikan permukaan air laut,4,4,6.0,6.0,0,0,0,0,0,0,0,0,0,0,kenaikan permukaan air laut 0 0 0 0 0 0 0 0 0
TRA218,pertimbangan proyek,0,pertimbangan proyek,2,2,9.0,9.0,0,0,0,0,0,0,0,0,0,0,pertimbangan proyek 0 0 0 0 0 0 0 0 0 0 0
TRA219,lahan pertanian mereka akan rusak'dan rumah mereka akan rusak,1,lahan pertanian rusak rumah rusak,9,5,5.888888888888889,5.8,0,0,0,0,0,0,0,0,0,0,lahan pertanian rusak rumah rusak 0 0 0 0 0 0 0 0
TRA220,mereka akan beradaptasi dengan lingkungan barunya juga mereka akan mengenal budaya lain,1,beradaptasi lingkungan barunya mengenal budaya,12,5,6.333333333333333,8.4,0,0,0,0,0,1,0,0,1,0,beradaptasi lingkungan barunya mengenal budaya 0 0 0 0 0 0 0 0
TRA221,"warga akan menghadapi kehidupan yang berbeda dari yang sebelumnya baik itu tempat tinggalnya,kebudayaannya,ataupun kesehariaannya.",1,warga menghadapi kehidupan berbeda tinggalnya kebudayaannya kesehariaannya,14,7,8.357142857142858,9.714285714285714,0,0,0,0,0,0,0,0,0,0,warga menghadapi kehidupan berbeda tinggalnya kebudayaannya kesehariaannya 0 0 0 0 0 0
TRA222,kehilangan mata pencahariannya dan harus beradaptasi kembali pada lingkungan sekitar,1,kehilangan mata pencahariannya beradaptasi lingkungan,10,5,7.5,9.8,0,0,0,0,0,1,0,0,0,0,kehilangan mata pencahariannya beradaptasi lingkungan 0 0 0 0 0 0 0 0
TRA223,mereka akan terhindar dari bencana yang melanda tempat mereka. dengan berpindah ke tempat yang lain.,0,terhindar bencana melanda berpindah,15,4,5.733333333333333,8.0,1,0,0,0,0,0,1,0,0,0,terhindar bencana melanda berpindah 0 0 0 0 0 0 0 0 0
TRA224,para pengungsi akan mendapatkan tantangan seperti sakit karna belum biasa dengan negara yang akan dia ungsikan karna setiap negara memiliki iklim yang berbeda-beda dan jenis asupan makanan yang berbeda-beda,1,pengungsi tantangan sakit karna negara ungsikan karna negara memiliki iklim berbeda beda jenis asupan makanan berbeda beda,29,17,6.137931034482759,6.235294117647059,0,1,0,0,0,0,0,0,0,0,pengungsi tantangan sakit karna negara ungsikan karna negara memiliki iklim berbeda beda jenis
TRA225,nereka tidak nyaman dengan tempat barunya karena sudah terbiasa dengan tempat lama mereka.,1,nereka nyaman barunya terbiasa,13,4,6.0,6.75,0,0,0,0,0,0,0,0,1,0,nereka nyaman barunya terbiasa 0 0 0 0 0 0 0 0 0
TRA226,negara munggin menjari donasi hidup baru,0,negara munggin menjari donasi hidup,6,5,5.833333333333333,6.2,0,0,0,0,0,0,0,0,0,0,negara munggin menjari donasi hidup 0 0 0 0 0 0 0 0
TRA227,mereka harus membiasakan diri mereka terhadap lingkungan baru mereka agar bisa seimbang dengan lingkungan yang mereka mengungsi itu.tetapi mereka juga harus bisa memberika waktu untuk melihat negara mereka untuk memastikan bahwa negara mereka dalam kondisi baik.,1,membiasakan lingkungan seimbang lingkungan mengungsi memberika negara negara kondisi,36,9,6.305555555555555,8.444444444444445,0,0,0,0,0,0,0,0,0,0,membiasakan lingkungan seimbang lingkungan mengungsi memberika negara negara kondisi 0 0 0 0
TRA228,"antanagn yang akan mereka hadapi mungkin lumayan banyak salah satunya adalah merka harus membiasakann diri terhadap lingkungan. pergi dari negaranya sendiri dan mengungsi di negeri orang yang belum tentu kehidupanya kedepan. sumber kehidupan merka juga tinggalkan, kemungkinan merka akan menganggur.",1,antanagn hadapi lumayan salah satunya merka membiasakann lingkungan pergi negaranya mengungsi negeri orang kehidupanya kedepan sumber kehidupan merka tinggalkan merka menganggur,40,21,6.5,7.476190476190476,0,0,0,0,0,0,0,0,0,0,antanagn hadapi lumayan salah satunya merka membiasakann lingkungan pergi negaranya mengungsi negeri orang
TRA229,karna kluarga travina mengungsi ke dataran rendah walau pun mengungsi akan kejadian bajir,0,karna kluarga travina mengungsi dataran rendah mengungsi kejadian bajir,13,9,5.923076923076923,7.0,0,0,0,0,0,0,0,0,0,0,karna kluarga travina mengungsi dataran rendah mengungsi kejadian bajir 0 0 0 0
TRA230,"mereka akan kehilangan sebagian besar lahan pertanian mereka ,travina akan mencari donasi secepatnya untuk diberikan ywarga ygang sudah kehilangan sebagian besar lahan pertanianya",1,kehilangan lahan pertanian travina mencari donasi secepatnya ywarga ygang kehilangan lahan pertanianya,23,12,6.826086956521739,7.583333333333333,0,0,0,0,0,0,0,0,0,0,kehilangan lahan pertanian travina mencari donasi secepatnya ywarga ygang kehilangan lahan pertanianya 0
TRA231,ekonomi,1,ekonomi,1,1,7.0,7.0,0,0,0,1,0,0,0,0,0,0,ekonomi 0 0 0 0 0 0 0 0 0 0 0 0
TRA232,PASTI MEREKA MERASA RESA DAN GELISA,1,resa gelisa,6,2,5.0,5.0,0,0,0,0,0,0,0,0,0,0,resa gelisa 0 0 0 0 0 0 0 0 0 0 0
TRA233,mencari tempat tinggal baru,1,mencari tinggal,4,2,6.0,7.0,0,0,0,0,0,0,0,0,0,0,mencari tinggal 0 0 0 0 0 0 0 0 0 0 0
TRA234,mereka akan mendapatkan bencana,0,bencana,4,1,7.0,7.0,0,0,0,0,0,0,0,0,0,0,bencana 0 0 0 0 0 0 0 0 0 0 0 0
TRA235,tantangan yang akan dihadapi para pengungsi iklim ketika mereka pindah ke tempat baru adalah tidak terbiasa dengan keadaan tempat barunya itu,1,tantangan dihadapi pengungsi iklim pindah terbiasa barunya,21,7,5.761904761904762,7.428571428571429,0,1,0,0,0,0,1,0,1,0,tantangan dihadapi pengungsi iklim pindah terbiasa barunya 0 0 0 0 0 0
TRA236,biar tenang dan aman,0,biar tenang aman,4,3,4.25,4.666666666666667,0,0,0,0,0,0,0,0,0,0,biar tenang aman 0 0 0 0 0 0 0 0 0 0
TRA237,meskipun mereka pindah ke tempat yang baru. tetapi mereka akan kehilangan sebagian besar lahan pertanian mereka.,1,pindah kehilangan lahan pertanian,16,4,6.0625,7.5,0,0,0,0,0,0,1,0,0,0,pindah kehilangan lahan pertanian 0 0 0 0 0 0 0 0 0
TRA238,karna membahayakan nyawanya,0,karna membahayakan nyawanya,3,3,8.333333333333334,8.333333333333334,0,0,0,0,0,0,0,0,0,0,karna membahayakan nyawanya 0 0 0 0 0 0 0 0 0 0
TRA239,jika nanti terjadi perubahan iklim gmna???,0,perubahan iklim gmna,6,3,6.166666666666667,6.0,0,0,0,0,0,0,0,0,0,0,perubahan iklim gmna 0 0 0 0 0 0 0 0 0 0
TRA240,Kedaan ini adalah pengecualian dan kehidupan orang-orang travina sedang di pertaruhkan,0,kedaan pengecualian kehidupan orang orang travina pertaruhkan,11,7,6.909090909090909,7.857142857142857,0,0,0,0,0,0,0,0,0,0,kedaan pengecualian kehidupan orang orang travina pertaruhkan 0 0 0 0 0 0
TRA241,cara menyesuaikan diri di lingkungannya baru,1,menyesuaikan lingkungannya,6,2,6.5,12.5,0,0,0,0,0,0,0,0,0,0,menyesuaikan lingkungannya 0 0 0 0 0 0 0 0 0 0 0
TRA242,Bagainmana jika pengungsi berpindah dari Travina dan akan terjad lagi yang ia tinggalkan sekarang,0,bagainmana pengungsi berpindah travina terjad tinggalkan,14,6,6.0,8.5,1,0,0,0,0,0,1,0,0,0,bagainmana pengungsi berpindah travina terjad tinggalkan 0 0 0 0 0 0 0
TRA243,warga mungkin dipaksa untuk menjadi pengungsi iklim,0,warga dipaksa pengungsi iklim,7,4,6.428571428571429,6.5,0,0,0,0,0,0,0,0,0,0,warga dipaksa pengungsi iklim 0 0 0 0 0 0 0 0 0
TRA244,tantangan yang paling utama adalah beradaptasi.,1,tantangan utama beradaptasi,6,3,7.0,8.333333333333334,0,1,0,0,0,1,0,0,0,0,tantangan utama beradaptasi 0 0 0 0 0 0 0 0 0 0
TRA245,mereka tidak dapat beradaptasi terhadap lingkungan barunya. Sehingga mereka akan kesulitan di berbagai aspek,1,beradaptasi lingkungan barunya kesulitan aspek,14,5,6.785714285714286,8.4,0,0,0,0,0,1,0,0,1,1,beradaptasi lingkungan barunya kesulitan aspek 0 0 0 0 0 0 0 0
TRA246,beradaptasi terhadap lingkungan yang baru,1,beradaptasi lingkungan,5,2,7.4,10.5,0,0,0,0,0,1,0,0,0,0,beradaptasi lingkungan 0 0 0 0 0 0 0 0 0 0 0
TRA247,terpaksa,0,terpaksa,1,1,8.0,8.0,0,0,0,0,0,0,0,0,0,0,terpaksa 0 0 0 0 0 0 0 0 0 0 0 0
TRA248,akan mendapatkan negara yang bagus dan aman.,0,negara bagus aman,7,3,5.428571428571429,5.0,0,0,0,0,0,0,0,0,0,0,negara bagus aman 0 0 0 0 0 0 0 0 0 0
TRA249,APA SATU,0,,2,1,3.5,0.0,0,0,0,0,0,0,0,0,0,0, 0 0 0 0 0 0 0 0 0 0 0 0
TRA250,beradaptasi,1,beradaptasi,1,1,11.0,11.0,0,0,0,0,0,1,0,0,0,0,beradaptasi 0 0 0 0 0 0 0 0 0 0 0 0
TRA251,mereka mungkin akan susah untuk beradaptasi dengan lingkungan barunya dan meraka juga mungkin akan memikirikan tentang harta benda yang mereka miliki di lingkungn lamanya,1,susah beradaptasi lingkungan barunya meraka memikirikan harta benda miliki lingkungn,24,10,6.125,7.5,0,0,0,0,0,1,0,0,1,0,susah beradaptasi lingkungan barunya meraka memikirikan harta benda miliki lingkungn 0 0 0
TRA252,pengungsi ikllim adalah orang-orang yang terpaksa meningalkan komunitas atau negaranya karena bencana lingkungan,0,pengungsi ikllim orang orang terpaksa meningalkan komunitas negaranya bencana lingkungan,13,10,7.6923076923076925,7.9,0,0,0,0,0,0,0,0,0,0,pengungsi ikllim orang orang terpaksa meningalkan komunitas negaranya bencana lingkungan 0 0 0
TRA253,meminta bertanggung jawab,0,bertanggung,3,1,7.666666666666667,11.0,0,0,0,0,0,0,0,0,0,0,bertanggung 0 0 0 0 0 0 0 0 0 0 0 0
TRA254,bertempat tinggal dengan orang orang yang tidak mereka kenal,1,bertempat tinggal orang orang kenal,9,5,5.777777777777778,6.2,0,0,0,0,0,0,0,0,0,0,bertempat tinggal orang orang kenal 0 0 0 0 0 0 0 0
TRA255,Akan bertemu dengan orang-orang baru dan mendapatkan pengalaman-pengalaman yang bebeda dari sebelumnya,1,bertemu orang orang pengalaman pengalaman bebeda,12,6,7.583333333333333,7.166666666666667,0,0,0,0,0,0,0,0,0,0,bertemu orang orang pengalaman pengalaman bebeda 0 0 0 0 0 0 0
TRA256,susah beradaptasi,1,susah beradaptasi,2,2,8.0,8.0,0,0,0,0,0,1,0,0,0,0,susah beradaptasi 0 0 0 0 0 0 0 0 0 0 0
TRA257,"pengungsi iklim akan pindah ketempat baru,mungkin akan dapat menolong negara lainnya.",1,pengungsi iklim pindah ketempat menolong negara,11,6,6.818181818181818,7.0,0,0,0,0,0,0,1,0,0,0,pengungsi iklim pindah ketempat menolong negara 0 0 0 0 0 0 0
TRA258,"MEREKA AKAN MEMULAI KEHIDUPAN BARU,MEREKA PUN AKAN MENINGALKAN TANAH KELAHIRAN MEREKA",1,kehidupan meningalkan tanah kelahiran,11,4,6.818181818181818,8.5,0,0,0,0,0,0,0,0,0,0,kehidupan meningalkan tanah kelahiran 0 0 0 0 0 0 0 0 0
TRA259,"tidak nyaman,memikirkan tempat yang dulu ia tempati,sukar beradaptasi.",1,nyaman memikirkan tempati sukar beradaptasi,8,5,7.875,7.8,0,0,0,0,0,1,0,0,0,0,nyaman memikirkan tempati sukar beradaptasi 0 0 0 0 0 0 0 0
TRA260,harus menyesuaikan dengan linkungan baru,1,menyesuaikan linkungan,5,2,7.2,10.5,0,0,0,0,0,0,0,0,0,0,menyesuaikan linkungan 0 0 0 0 0 0 0 0 0 0 0
TRA261,tidak disukai oleh negara lain atau cuma menjadi beban kepada negara yang diungsikan,0,disukai negara beban negara diungsikan,13,5,5.538461538461538,6.8,0,0,0,0,0,0,0,0,0,0,disukai negara beban negara diungsikan 0 0 0 0 0 0 0 0
TRA262,mereka akann kesusahan mencari pekerjaan karena mereka telah berpindah ke daerah lain yang bukan milik mereka,1,akann kesusahan mencari pekerjaan berpindah daerah milik,16,7,5.875,7.142857142857143,1,0,0,0,0,0,1,0,0,0,akann kesusahan mencari pekerjaan berpindah daerah milik 0 0 0 0 0 0
TRA263,ia akan kehilangan lahan pertanian dan akan beradaptasi demgam lingkungan barunyabisa jadi juga pengungsi tidak di terima oleh beberapa prnduduk,1,kehilangan lahan pertanian beradaptasi demgam lingkungan barunyabisa pengungsi terima prnduduk,20,10,6.25,8.5,0,0,0,0,0,1,0,0,1,0,kehilangan lahan pertanian beradaptasi demgam lingkungan barunyabisa pengungsi terima prnduduk 0 0 0
TRA264,mereka harus belajar beradaptasi pada lingkungan yang baru,1,belajar beradaptasi lingkungan,8,3,6.375,9.333333333333334,0,0,0,0,0,1,0,0,0,0,belajar beradaptasi lingkungan 0 0 0 0 0 0 0 0 0 0
TRA265,Salah satu tantangan yang akan dihadapi para pengungsi iklim adalah sulit untuk berbaur dan mencari pekerjaan baru demi melakukan kelangsungan hidup di tempat baru.,1,salah tantangan dihadapi pengungsi iklim sulit berbaur mencari pekerjaan kelangsungan hidup,24,11,5.875,7.363636363636363,0,1,0,0,0,0,0,0,0,1,salah tantangan dihadapi pengungsi iklim sulit berbaur mencari pekerjaan kelangsungan hidup 0 0
TRA266,mereka akan menghadapi lingkungan lain yang mungkin akan memerlukan waktu yang lama untuk beradaptasi,1,menghadapi lingkungan beradaptasi,14,3,6.285714285714286,10.333333333333334,0,0,0,0,0,1,0,0,0,0,menghadapi lingkungan beradaptasi 0 0 0 0 0 0 0 0 0 0
TRA267,"Mereka akan berbaur dengan orang-orang baru, Berusaha untuk menerima budaya baru, mencari kemampuan untuk pekerjaan yang berbeda.",1,berbaur orang orang berusaha menerima budaya mencari kemampuan pekerjaan berbeda,17,10,6.647058823529412,7.1,0,0,0,0,0,0,0,0,0,0,berbaur orang orang berusaha menerima budaya mencari kemampuan pekerjaan berbeda 0 0 0
TRA268,Mencari tempat tinggal,1,mencari tinggal,3,2,6.666666666666667,7.0,0,0,0,0,0,0,0,0,0,0,mencari tinggal 0 0 0 0 0 0 0 0 0 0 0
